image_id,folio,folio_num,side,section,illustration_type,has_illustration,canvas_id,image_service_url,width,height
_Front_cover_,[Front cover],0,,unknown,unknown,True,https://collections.library.yale.edu/manifests/oid/2002046/canvas/1006074,https://collections.library.yale.edu/iiif/2/1006074,2931,3865
_Inside_front_cover_,[Inside front cover],0,,unknown,unknown,True,https://collections.library.yale.edu/manifests/oid/2002046/canvas/1006075,https://collections.library.yale.edu/iiif/2/1006075,2812,3797
f001r,1r,1,r,herbal,botanical,True,https://collections.library.yale.edu/manifests/oid/2002046/canvas/1006076,https://collections.library.yale.edu/iiif/2/1006076,2972,3766
f001v,1v,1,v,herbal,botanical,True,https://collections.library.yale.edu/manifests/oid/2002046/canvas/1006077,https://collections.library.yale.edu/iiif/2/1006077,2804,3797
f002r,2r,2,r,herbal,botanical,True,https://collections.library.yale.edu/manifests/oid/2002046/canvas/1006078,https://collections.library.yale.edu/iiif/2/1006078,2691,3770
f002v,2v,2,v,herbal,botanical,True,https://collections.library.yale.edu/manifests/oid/2002046/canvas/1006079,https://collections.library.yale.edu/iiif/2/1006079,2771,3797
f003r,3r,3,r,herbal,botanical,True,https://collections.library.yale.edu/manifests/oid/2002046/canvas/1006080,https://collections.library.yale.edu/iiif/2/1006080,2691,3770
f003v,3v,3,v,herbal,botanical,True,https://collections.library.yale.edu/manifests/oid/2002046/canvas/1006081,https://collections.library.yale.edu/iiif/2/1006081,2762,3797
f004r,4r,4,r,herbal,botanical,True,https://collections.library.yale.edu/manifests/oid/2002046/canvas/1006082,https://collections.library.yale.edu/iiif/2/1006082,2682,3740
f004v,4v,4,v,herbal,botanical,True,https://collections.library.yale.edu/manifests/oid/2002046/canvas/1006083,https://collections.library.yale.edu/iiif/2/1006083,2768,3797
f005r,5r,5,r,herbal,botanical,True,https://collections.library.yale.edu/manifests/oid/2002046/canvas/1006084,https://collections.library.yale.edu/iiif/2/1006084,2636,3723
f005v,5v,5,v,herbal,botanical,True,https://collections.library.yale.edu/manifests/oid/2002046/canvas/1006085,https://collections.library.yale.edu/iiif/2/1006085,2759,3797
f006r,6r,6,r,herbal,botanical,True,https://collections.library.yale.edu/manifests/oid/2002046/canvas/1006086,https://collections.library.yale.edu/iiif/2/1006086,2662,3727
f006v,6v,6,v,herbal,botanical,True,https://collections.library.yale.edu/manifests/oid/2002046/canvas/1006087,https://collections.library.yale.edu/iiif/2/1006087,2753,3797
f007r,7r,7,r,herbal,botanical,True,https://collections.library.yale.edu/manifests/oid/2002046/canvas/1006088,https://collections.library.yale.edu/iiif/2/1006088,2656,3721
f007v,7v,7,v,herbal,botanical,True,https://collections.library.yale.edu/manifests/oid/2002046/canvas/1006089,https://collections.library.yale.edu/iiif/2/1006089,2806,3797
f008r,8r,8,r,herbal,botanical,True,https://collections.library.yale.edu/manifests/oid/2002046/canvas/1006090,https://collections.library.yale.edu/iiif/2/1006090,2660,3719
f008v,8v,8,v,herbal,botanical,True,https://collections.library.yale.edu/manifests/oid/2002046/canvas/1006091,https://collections.library.yale.edu/iiif/2/1006091,2791,3797
f009r,9r,9,r,herbal,botanical,True,https://collections.library.yale.edu/manifests/oid/2002046/canvas/1006092,https://collections.library.yale.edu/iiif/2/1006092,2691,3737
f009v,9v,9,v,herbal,botanical,True,https://collections.library.yale.edu/manifests/oid/2002046/canvas/1006093,https://collections.library.yale.edu/iiif/2/1006093,2812,3797
f010r,10r,10,r,herbal,botanical,True,https://collections.library.yale.edu/manifests/oid/2002046/canvas/1006094,https://collections.library.yale.edu/iiif/2/1006094,2691,3739
f010v,10v,10,v,herbal,botanical,True,https://collections.library.yale.edu/manifests/oid/2002046/canvas/1006095,https://collections.library.yale.edu/iiif/2/1006095,2839,3797
f011r,11r,11,r,herbal,botanical,True,https://collections.library.yale.edu/manifests/oid/2002046/canvas/1006096,https://collections.library.yale.edu/iiif/2/1006096,2672,3744
f011v,11v,11,v,herbal,botanical,True,https://collections.library.yale.edu/manifests/oid/2002046/canvas/1006097,https://collections.library.yale.edu/iiif/2/1006097,2825,3775
f013r,13r,13,r,herbal,botanical,True,https://collections.library.yale.edu/manifests/oid/2002046/canvas/1006098,https://collections.library.yale.edu/iiif/2/1006098,2601,3723
f013v,13v,13,v,herbal,botanical,True,https://collections.library.yale.edu/manifests/oid/2002046/canvas/1006099,https://collections.library.yale.edu/iiif/2/1006099,2812,3770
f014r,14r,14,r,herbal,botanical,True,https://collections.library.yale.edu/manifests/oid/2002046/canvas/1006100,https://collections.library.yale.edu/iiif/2/1006100,2662,3739
f014v,14v,14,v,herbal,botanical,True,https://collections.library.yale.edu/manifests/oid/2002046/canvas/1006101,https://collections.library.yale.edu/iiif/2/1006101,2812,3772
f015r,15r,15,r,herbal,botanical,True,https://collections.library.yale.edu/manifests/oid/2002046/canvas/1006102,https://collections.library.yale.edu/iiif/2/1006102,2648,3729
f015v,15v,15,v,herbal,botanical,True,https://collections.library.yale.edu/manifests/oid/2002046/canvas/1006103,https://collections.library.yale.edu/iiif/2/1006103,2835,3776
f016r,16r,16,r,herbal,botanical,True,https://collections.library.yale.edu/manifests/oid/2002046/canvas/1006104,https://collections.library.yale.edu/iiif/2/1006104,2658,3758
f016v,16v,16,v,herbal,botanical,True,https://collections.library.yale.edu/manifests/oid/2002046/canvas/1006105,https://collections.library.yale.edu/iiif/2/1006105,2840,3793
f017r,17r,17,r,herbal,botanical,True,https://collections.library.yale.edu/manifests/oid/2002046/canvas/1006106,https://collections.library.yale.edu/iiif/2/1006106,2649,3743
f017v,17v,17,v,herbal,botanical,True,https://collections.library.yale.edu/manifests/oid/2002046/canvas/1006107,https://collections.library.yale.edu/iiif/2/1006107,2843,3775
f018r,18r,18,r,herbal,botanical,True,https://collections.library.yale.edu/manifests/oid/2002046/canvas/1006108,https://collections.library.yale.edu/iiif/2/1006108,2649,3743
f018v,18v,18,v,herbal,botanical,True,https://collections.library.yale.edu/manifests/oid/2002046/canvas/1006109,https://collections.library.yale.edu/iiif/2/1006109,2846,3781
f019r,19r,19,r,herbal,botanical,True,https://collections.library.yale.edu/manifests/oid/2002046/canvas/1006110,https://collections.library.yale.edu/iiif/2/1006110,2649,3743
f019v,19v,19,v,herbal,botanical,True,https://collections.library.yale.edu/manifests/oid/2002046/canvas/1006111,https://collections.library.yale.edu/iiif/2/1006111,2849,3769
f020r,20r,20,r,herbal,botanical,True,https://collections.library.yale.edu/manifests/oid/2002046/canvas/1006112,https://collections.library.yale.edu/iiif/2/1006112,2649,3743
f020v,20v,20,v,herbal,botanical,True,https://collections.library.yale.edu/manifests/oid/2002046/canvas/1006113,https://collections.library.yale.edu/iiif/2/1006113,2849,3769
f021r,21r,21,r,herbal,botanical,True,https://collections.library.yale.edu/manifests/oid/2002046/canvas/1006114,https://collections.library.yale.edu/iiif/2/1006114,2649,3743
f021v,21v,21,v,herbal,botanical,True,https://collections.library.yale.edu/manifests/oid/2002046/canvas/1006115,https://collections.library.yale.edu/iiif/2/1006115,2849,3769
f022r,22r,22,r,herbal,botanical,True,https://collections.library.yale.edu/manifests/oid/2002046/canvas/1006116,https://collections.library.yale.edu/iiif/2/1006116,2649,3743
f022v,22v,22,v,herbal,botanical,True,https://collections.library.yale.edu/manifests/oid/2002046/canvas/1006117,https://collections.library.yale.edu/iiif/2/1006117,2849,3795
f023r,23r,23,r,herbal,botanical,True,https://collections.library.yale.edu/manifests/oid/2002046/canvas/1006118,https://collections.library.yale.edu/iiif/2/1006118,2650,3705
f023v,23v,23,v,herbal,botanical,True,https://collections.library.yale.edu/manifests/oid/2002046/canvas/1006119,https://collections.library.yale.edu/iiif/2/1006119,2849,3780
f024r,24r,24,r,herbal,botanical,True,https://collections.library.yale.edu/manifests/oid/2002046/canvas/1006120,https://collections.library.yale.edu/iiif/2/1006120,2688,3719
f024v,24v,24,v,herbal,botanical,True,https://collections.library.yale.edu/manifests/oid/2002046/canvas/1006121,https://collections.library.yale.edu/iiif/2/1006121,2864,3771
f025r,25r,25,r,herbal,botanical,True,https://collections.library.yale.edu/manifests/oid/2002046/canvas/1006122,https://collections.library.yale.edu/iiif/2/1006122,2709,3743
f025v,25v,25,v,herbal,botanical,True,https://collections.library.yale.edu/manifests/oid/2002046/canvas/1006123,https://collections.library.yale.edu/iiif/2/1006123,2863,3769
f026r,26r,26,r,herbal,botanical,True,https://collections.library.yale.edu/manifests/oid/2002046/canvas/1006124,https://collections.library.yale.edu/iiif/2/1006124,2727,3743
f026v,26v,26,v,herbal,botanical,True,https://collections.library.yale.edu/manifests/oid/2002046/canvas/1006125,https://collections.library.yale.edu/iiif/2/1006125,2849,3769
f027r,27r,27,r,herbal,botanical,True,https://collections.library.yale.edu/manifests/oid/2002046/canvas/1006126,https://collections.library.yale.edu/iiif/2/1006126,2708,3743
f027v,27v,27,v,herbal,botanical,True,https://collections.library.yale.edu/manifests/oid/2002046/canvas/1006127,https://collections.library.yale.edu/iiif/2/1006127,2849,3769
f028r,28r,28,r,herbal,botanical,True,https://collections.library.yale.edu/manifests/oid/2002046/canvas/1006128,https://collections.library.yale.edu/iiif/2/1006128,2727,3743
f028v,28v,28,v,herbal,botanical,True,https://collections.library.yale.edu/manifests/oid/2002046/canvas/1006129,https://collections.library.yale.edu/iiif/2/1006129,2885,3780
f029r,29r,29,r,herbal,botanical,True,https://collections.library.yale.edu/manifests/oid/2002046/canvas/1006130,https://collections.library.yale.edu/iiif/2/1006130,2718,3743
f029v,29v,29,v,herbal,botanical,True,https://collections.library.yale.edu/manifests/oid/2002046/canvas/1006131,https://collections.library.yale.edu/iiif/2/1006131,2876,3777
f030r,30r,30,r,herbal,botanical,True,https://collections.library.yale.edu/manifests/oid/2002046/canvas/1006132,https://collections.library.yale.edu/iiif/2/1006132,2742,3743
f030v,30v,30,v,herbal,botanical,True,https://collections.library.yale.edu/manifests/oid/2002046/canvas/1006133,https://collections.library.yale.edu/iiif/2/1006133,2849,3769
f031r,31r,31,r,herbal,botanical,True,https://collections.library.yale.edu/manifests/oid/2002046/canvas/1006134,https://collections.library.yale.edu/iiif/2/1006134,2717,3743
f031v,31v,31,v,herbal,botanical,True,https://collections.library.yale.edu/manifests/oid/2002046/canvas/1006135,https://collections.library.yale.edu/iiif/2/1006135,2849,3769
f032r,32r,32,r,herbal,botanical,True,https://collections.library.yale.edu/manifests/oid/2002046/canvas/1006136,https://collections.library.yale.edu/iiif/2/1006136,2734,3731
f032v,32v,32,v,herbal,botanical,True,https://collections.library.yale.edu/manifests/oid/2002046/canvas/1006137,https://collections.library.yale.edu/iiif/2/1006137,2849,3769
f033r,33r,33,r,herbal,botanical,True,https://collections.library.yale.edu/manifests/oid/2002046/canvas/1006138,https://collections.library.yale.edu/iiif/2/1006138,2766,3743
f033v,33v,33,v,herbal,botanical,True,https://collections.library.yale.edu/manifests/oid/2002046/canvas/1006139,https://collections.library.yale.edu/iiif/2/1006139,2871,3769
f034r,34r,34,r,herbal,botanical,True,https://collections.library.yale.edu/manifests/oid/2002046/canvas/1006140,https://collections.library.yale.edu/iiif/2/1006140,2777,3743
f034v,34v,34,v,herbal,botanical,True,https://collections.library.yale.edu/manifests/oid/2002046/canvas/1006141,https://collections.library.yale.edu/iiif/2/1006141,2881,3787
f035r,35r,35,r,herbal,botanical,True,https://collections.library.yale.edu/manifests/oid/2002046/canvas/1006142,https://collections.library.yale.edu/iiif/2/1006142,2793,3743
f035v,35v,35,v,herbal,botanical,True,https://collections.library.yale.edu/manifests/oid/2002046/canvas/1006143,https://collections.library.yale.edu/iiif/2/1006143,2853,3769
f036r,36r,36,r,herbal,botanical,True,https://collections.library.yale.edu/manifests/oid/2002046/canvas/1006144,https://collections.library.yale.edu/iiif/2/1006144,2793,3743
f036v,36v,36,v,herbal,botanical,True,https://collections.library.yale.edu/manifests/oid/2002046/canvas/1006145,https://collections.library.yale.edu/iiif/2/1006145,2849,3769
f037r,37r,37,r,herbal,botanical,True,https://collections.library.yale.edu/manifests/oid/2002046/canvas/1006146,https://collections.library.yale.edu/iiif/2/1006146,2793,3743
f037v,37v,37,v,herbal,botanical,True,https://collections.library.yale.edu/manifests/oid/2002046/canvas/1006147,https://collections.library.yale.edu/iiif/2/1006147,2882,3769
f038r,38r,38,r,herbal,botanical,True,https://collections.library.yale.edu/manifests/oid/2002046/canvas/1006148,https://collections.library.yale.edu/iiif/2/1006148,2793,3743
f038v,38v,38,v,herbal,botanical,True,https://collections.library.yale.edu/manifests/oid/2002046/canvas/1006149,https://collections.library.yale.edu/iiif/2/1006149,2882,3769
f039r,39r,39,r,herbal,botanical,True,https://collections.library.yale.edu/manifests/oid/2002046/canvas/1006150,https://collections.library.yale.edu/iiif/2/1006150,2793,3743
f039v,39v,39,v,herbal,botanical,True,https://collections.library.yale.edu/manifests/oid/2002046/canvas/1006151,https://collections.library.yale.edu/iiif/2/1006151,2882,3769
f040r,40r,40,r,herbal,botanical,True,https://collections.library.yale.edu/manifests/oid/2002046/canvas/1006152,https://collections.library.yale.edu/iiif/2/1006152,2793,3734
f040v,40v,40,v,herbal,botanical,True,https://collections.library.yale.edu/manifests/oid/2002046/canvas/1006153,https://collections.library.yale.edu/iiif/2/1006153,2882,3769
f041r,41r,41,r,herbal,botanical,True,https://collections.library.yale.edu/manifests/oid/2002046/canvas/1006154,https://collections.library.yale.edu/iiif/2/1006154,2840,3743
f041v,41v,41,v,herbal,botanical,True,https://collections.library.yale.edu/manifests/oid/2002046/canvas/1006155,https://collections.library.yale.edu/iiif/2/1006155,2882,3769
f042r,42r,42,r,herbal,botanical,True,https://collections.library.yale.edu/manifests/oid/2002046/canvas/1006156,https://collections.library.yale.edu/iiif/2/1006156,2843,3743
f042v,42v,42,v,herbal,botanical,True,https://collections.library.yale.edu/manifests/oid/2002046/canvas/1006157,https://collections.library.yale.edu/iiif/2/1006157,2882,3769
f043r,43r,43,r,herbal,botanical,True,https://collections.library.yale.edu/manifests/oid/2002046/canvas/1006158,https://collections.library.yale.edu/iiif/2/1006158,2837,3751
f043v,43v,43,v,herbal,botanical,True,https://collections.library.yale.edu/manifests/oid/2002046/canvas/1006159,https://collections.library.yale.edu/iiif/2/1006159,2882,3769
f044r,44r,44,r,herbal,botanical,True,https://collections.library.yale.edu/manifests/oid/2002046/canvas/1006160,https://collections.library.yale.edu/iiif/2/1006160,2799,3728
f044v,44v,44,v,herbal,botanical,True,https://collections.library.yale.edu/manifests/oid/2002046/canvas/1006161,https://collections.library.yale.edu/iiif/2/1006161,2882,3769
f045r,45r,45,r,herbal,botanical,True,https://collections.library.yale.edu/manifests/oid/2002046/canvas/1006162,https://collections.library.yale.edu/iiif/2/1006162,2823,3706
f045v,45v,45,v,herbal,botanical,True,https://collections.library.yale.edu/manifests/oid/2002046/canvas/1006163,https://collections.library.yale.edu/iiif/2/1006163,2900,3769
f046r,46r,46,r,herbal,botanical,True,https://collections.library.yale.edu/manifests/oid/2002046/canvas/1006164,https://collections.library.yale.edu/iiif/2/1006164,2865,3719
f046v,46v,46,v,herbal,botanical,True,https://collections.library.yale.edu/manifests/oid/2002046/canvas/1006165,https://collections.library.yale.edu/iiif/2/1006165,2938,3769
f047r,47r,47,r,herbal,botanical,True,https://collections.library.yale.edu/manifests/oid/2002046/canvas/1006166,https://collections.library.yale.edu/iiif/2/1006166,2826,3716
f047v,47v,47,v,herbal,botanical,True,https://collections.library.yale.edu/manifests/oid/2002046/canvas/1006167,https://collections.library.yale.edu/iiif/2/1006167,2932,3769
f048r,48r,48,r,herbal,botanical,True,https://collections.library.yale.edu/manifests/oid/2002046/canvas/1006168,https://collections.library.yale.edu/iiif/2/1006168,2859,3719
f048v,48v,48,v,herbal,botanical,True,https://collections.library.yale.edu/manifests/oid/2002046/canvas/1006169,https://collections.library.yale.edu/iiif/2/1006169,2950,3769
f049r,49r,49,r,herbal,botanical,True,https://collections.library.yale.edu/manifests/oid/2002046/canvas/1006170,https://collections.library.yale.edu/iiif/2/1006170,2837,3762
f049v,49v,49,v,herbal,botanical,True,https://collections.library.yale.edu/manifests/oid/2002046/canvas/1006171,https://collections.library.yale.edu/iiif/2/1006171,2935,3769
f050r,50r,50,r,herbal,botanical,True,https://collections.library.yale.edu/manifests/oid/2002046/canvas/1006172,https://collections.library.yale.edu/iiif/2/1006172,2840,3751
f050v,50v,50,v,herbal,botanical,True,https://collections.library.yale.edu/manifests/oid/2002046/canvas/1006173,https://collections.library.yale.edu/iiif/2/1006173,2942,3769
f051r,51r,51,r,herbal,botanical,True,https://collections.library.yale.edu/manifests/oid/2002046/canvas/1006174,https://collections.library.yale.edu/iiif/2/1006174,2835,3764
f051v,51v,51,v,herbal,botanical,True,https://collections.library.yale.edu/manifests/oid/2002046/canvas/1006175,https://collections.library.yale.edu/iiif/2/1006175,2927,3769
f052r,52r,52,r,herbal,botanical,True,https://collections.library.yale.edu/manifests/oid/2002046/canvas/1006176,https://collections.library.yale.edu/iiif/2/1006176,2826,3757
f052v,52v,52,v,herbal,botanical,True,https://collections.library.yale.edu/manifests/oid/2002046/canvas/1006177,https://collections.library.yale.edu/iiif/2/1006177,2935,3769
f053r,53r,53,r,herbal,botanical,True,https://collections.library.yale.edu/manifests/oid/2002046/canvas/1006178,https://collections.library.yale.edu/iiif/2/1006178,2793,3707
f053v,53v,53,v,herbal,botanical,True,https://collections.library.yale.edu/manifests/oid/2002046/canvas/1006179,https://collections.library.yale.edu/iiif/2/1006179,2940,3769
f054r,54r,54,r,herbal,botanical,True,https://collections.library.yale.edu/manifests/oid/2002046/canvas/1006180,https://collections.library.yale.edu/iiif/2/1006180,2793,3718
f054v,54v,54,v,herbal,botanical,True,https://collections.library.yale.edu/manifests/oid/2002046/canvas/1006181,https://collections.library.yale.edu/iiif/2/1006181,2999,3769
f055r,55r,55,r,herbal,botanical,True,https://collections.library.yale.edu/manifests/oid/2002046/canvas/1006182,https://collections.library.yale.edu/iiif/2/1006182,2793,3738
f055v,55v,55,v,herbal,botanical,True,https://collections.library.yale.edu/manifests/oid/2002046/canvas/1006183,https://collections.library.yale.edu/iiif/2/1006183,2979,3769
f056r,56r,56,r,herbal,botanical,True,https://collections.library.yale.edu/manifests/oid/2002046/canvas/1006184,https://collections.library.yale.edu/iiif/2/1006184,2793,3707
f056v,56v,56,v,herbal,botanical,True,https://collections.library.yale.edu/manifests/oid/2002046/canvas/1006185,https://collections.library.yale.edu/iiif/2/1006185,2979,3769
f057r,57r,57,r,herbal,botanical,True,https://collections.library.yale.edu/manifests/oid/2002046/canvas/1006186,https://collections.library.yale.edu/iiif/2/1006186,2823,3733
f057v,57v,57,v,herbal,botanical,True,https://collections.library.yale.edu/manifests/oid/2002046/canvas/1006187,https://collections.library.yale.edu/iiif/2/1006187,3028,3769
f058r,58r,58,r,herbal,botanical,True,https://collections.library.yale.edu/manifests/oid/2002046/canvas/1006188,https://collections.library.yale.edu/iiif/2/1006188,2793,3749
f058v,58v,58,v,herbal,botanical,True,https://collections.library.yale.edu/manifests/oid/2002046/canvas/1006189,https://collections.library.yale.edu/iiif/2/1006189,2986,3769
f065r,65r,65,r,herbal,botanical,True,https://collections.library.yale.edu/manifests/oid/2002046/canvas/1006190,https://collections.library.yale.edu/iiif/2/1006190,2793,3707
f065v,65v,65,v,herbal,botanical,True,https://collections.library.yale.edu/manifests/oid/2002046/canvas/1006191,https://collections.library.yale.edu/iiif/2/1006191,3010,3769
f066r,66r,66,r,herbal,botanical,True,https://collections.library.yale.edu/manifests/oid/2002046/canvas/1006192,https://collections.library.yale.edu/iiif/2/1006192,2793,3707
f066v,66v,66,v,herbal,botanical,True,https://collections.library.yale.edu/manifests/oid/2002046/canvas/1006193,https://collections.library.yale.edu/iiif/2/1006193,2997,3769
f067r,67r,67,r,astronomical,zodiac_stellar,True,https://collections.library.yale.edu/manifests/oid/2002046/canvas/1006194,https://collections.library.yale.edu/iiif/2/1006194,4972,3738
f067v,67v,67,v,astronomical,zodiac_stellar,True,https://collections.library.yale.edu/manifests/oid/2002046/canvas/1006195,https://collections.library.yale.edu/iiif/2/1006195,5059,3753
f068r,68r,68,r,astronomical,zodiac_stellar,True,https://collections.library.yale.edu/manifests/oid/2002046/canvas/1006196,https://collections.library.yale.edu/iiif/2/1006196,7993,3828
f068v,68v,68,v,astronomical,zodiac_stellar,True,https://collections.library.yale.edu/manifests/oid/2002046/canvas/1006197,https://collections.library.yale.edu/iiif/2/1006197,8135,3843
f069r,69r,69,r,astronomical,zodiac_stellar,True,https://collections.library.yale.edu/manifests/oid/2002046/canvas/1006198,https://collections.library.yale.edu/iiif/2/1006198,2793,3763
f069v,69v and 70r,69,v,astronomical,zodiac_stellar,True,https://collections.library.yale.edu/manifests/oid/2002046/canvas/1006199,https://collections.library.yale.edu/iiif/2/1006199,8886,3876
f070v,70v (part),70,v,astronomical,zodiac_stellar,True,https://collections.library.yale.edu/manifests/oid/2002046/canvas/1006200,https://collections.library.yale.edu/iiif/2/1006200,3945,3772
f070v,70v (part),70,v,astronomical,zodiac_stellar,True,https://collections.library.yale.edu/manifests/oid/2002046/canvas/1006201,https://collections.library.yale.edu/iiif/2/1006201,2979,3700
f071r,71r,71,r,astronomical,zodiac_stellar,True,https://collections.library.yale.edu/manifests/oid/2002046/canvas/1006202,https://collections.library.yale.edu/iiif/2/1006202,2793,3762
f071v,71v and 72r,71,v,astronomical,zodiac_stellar,True,https://collections.library.yale.edu/manifests/oid/2002046/canvas/1006203,https://collections.library.yale.edu/iiif/2/1006203,8865,3018
f072v,72v (part),72,v,astronomical,zodiac_stellar,True,https://collections.library.yale.edu/manifests/oid/2002046/canvas/1006204,https://collections.library.yale.edu/iiif/2/1006204,5976,3794
f072v,72v (part),72,v,astronomical,zodiac_stellar,True,https://collections.library.yale.edu/manifests/oid/2002046/canvas/1006205,https://collections.library.yale.edu/iiif/2/1006205,2979,3712
f073r,73r,73,r,astronomical,zodiac_stellar,True,https://collections.library.yale.edu/manifests/oid/2002046/canvas/1006206,https://collections.library.yale.edu/iiif/2/1006206,2834,3761
f073v,73v,73,v,astronomical,zodiac_stellar,True,https://collections.library.yale.edu/manifests/oid/2002046/canvas/1006207,https://collections.library.yale.edu/iiif/2/1006207,2979,3724
f075r,75r,75,r,cosmological,rosette_medallion,True,https://collections.library.yale.edu/manifests/oid/2002046/canvas/1006208,https://collections.library.yale.edu/iiif/2/1006208,2852,3759
f075v,75v,75,v,cosmological,rosette_medallion,True,https://collections.library.yale.edu/manifests/oid/2002046/canvas/1006209,https://collections.library.yale.edu/iiif/2/1006209,2868,3735
f076r,76r,76,r,cosmological,rosette_medallion,True,https://collections.library.yale.edu/manifests/oid/2002046/canvas/1006210,https://collections.library.yale.edu/iiif/2/1006210,2793,3769
f076v,76v,76,v,cosmological,rosette_medallion,True,https://collections.library.yale.edu/manifests/oid/2002046/canvas/1006211,https://collections.library.yale.edu/iiif/2/1006211,2823,3712
f077r,77r,77,r,cosmological,rosette_medallion,True,https://collections.library.yale.edu/manifests/oid/2002046/canvas/1006212,https://collections.library.yale.edu/iiif/2/1006212,2793,3752
f077v,77v,77,v,cosmological,rosette_medallion,True,https://collections.library.yale.edu/manifests/oid/2002046/canvas/1006213,https://collections.library.yale.edu/iiif/2/1006213,2861,3697
f078r,78r,78,r,cosmological,rosette_medallion,True,https://collections.library.yale.edu/manifests/oid/2002046/canvas/1006214,https://collections.library.yale.edu/iiif/2/1006214,2793,3761
f078v,78v,78,v,cosmological,rosette_medallion,True,https://collections.library.yale.edu/manifests/oid/2002046/canvas/1006215,https://collections.library.yale.edu/iiif/2/1006215,2841,3706
f079r,79r,79,r,cosmological,rosette_medallion,True,https://collections.library.yale.edu/manifests/oid/2002046/canvas/1006216,https://collections.library.yale.edu/iiif/2/1006216,2784,3755
f079v,79v,79,v,cosmological,rosette_medallion,True,https://collections.library.yale.edu/manifests/oid/2002046/canvas/1006217,https://collections.library.yale.edu/iiif/2/1006217,2811,3714
f080r,80r,80,r,cosmological,rosette_medallion,True,https://collections.library.yale.edu/manifests/oid/2002046/canvas/1006218,https://collections.library.yale.edu/iiif/2/1006218,2793,3733
f080v,80v,80,v,cosmological,rosette_medallion,True,https://collections.library.yale.edu/manifests/oid/2002046/canvas/1006219,https://collections.library.yale.edu/iiif/2/1006219,2837,3712
f081r,81r,81,r,cosmological,rosette_medallion,True,https://collections.library.yale.edu/manifests/oid/2002046/canvas/1006220,https://collections.library.yale.edu/iiif/2/1006220,2776,3737
f081v,81v,81,v,cosmological,rosette_medallion,True,https://collections.library.yale.edu/manifests/oid/2002046/canvas/1006221,https://collections.library.yale.edu/iiif/2/1006221,2835,3705
f082r,82r,82,r,cosmological,rosette_medallion,True,https://collections.library.yale.edu/manifests/oid/2002046/canvas/1006222,https://collections.library.yale.edu/iiif/2/1006222,2753,3745
f082v,82v,82,v,cosmological,rosette_medallion,True,https://collections.library.yale.edu/manifests/oid/2002046/canvas/1006223,https://collections.library.yale.edu/iiif/2/1006223,2821,3709
f083r,83r,83,r,cosmological,rosette_medallion,True,https://collections.library.yale.edu/manifests/oid/2002046/canvas/1006224,https://collections.library.yale.edu/iiif/2/1006224,2753,3745
f083v,83v,83,v,cosmological,rosette_medallion,True,https://collections.library.yale.edu/manifests/oid/2002046/canvas/1006225,https://collections.library.yale.edu/iiif/2/1006225,2858,3693
f084r,84r,84,r,cosmological,rosette_medallion,True,https://collections.library.yale.edu/manifests/oid/2002046/canvas/1006226,https://collections.library.yale.edu/iiif/2/1006226,2753,3745
f084v,84v,84,v,cosmological,rosette_medallion,True,https://collections.library.yale.edu/manifests/oid/2002046/canvas/1006227,https://collections.library.yale.edu/iiif/2/1006227,2838,3697
f085r,85r (part) (part of 85-86 foldout),85,r,cosmological,rosette_foldout,True,https://collections.library.yale.edu/manifests/oid/2002046/canvas/1006228,https://collections.library.yale.edu/iiif/2/1006228,2775,3745
f085r,85r (part) 86v (part) (part of 85-86 foldout),85,r,cosmological,rosette_foldout,True,https://collections.library.yale.edu/manifests/oid/2002046/canvas/1006229,https://collections.library.yale.edu/iiif/2/1006229,7754,3890
f086v,86v (part) (part of 85-86 foldout),86,v,cosmological,rosette_foldout,True,https://collections.library.yale.edu/manifests/oid/2002046/canvas/1006230,https://collections.library.yale.edu/iiif/2/1006230,4897,3788
f085v,85v and 86r (foldout),85,v,cosmological,rosette_foldout,True,https://collections.library.yale.edu/manifests/oid/2002046/canvas/1006231,https://collections.library.yale.edu/iiif/2/1006231,7925,7268
f087r,87r,87,r,pharmaceutical,plant_root_vessel,True,https://collections.library.yale.edu/manifests/oid/2002046/canvas/1006232,https://collections.library.yale.edu/iiif/2/1006232,2753,3745
f087v,87v,87,v,pharmaceutical,plant_root_vessel,True,https://collections.library.yale.edu/manifests/oid/2002046/canvas/1043429,https://collections.library.yale.edu/iiif/2/1043429,2893,3697
f088r,88r,88,r,pharmaceutical,plant_root_vessel,True,https://collections.library.yale.edu/manifests/oid/2002046/canvas/1037112,https://collections.library.yale.edu/iiif/2/1037112,2714,3735
f088v,88v and 89r,88,v,pharmaceutical,plant_root_vessel,True,https://collections.library.yale.edu/manifests/oid/2002046/canvas/1006233,https://collections.library.yale.edu/iiif/2/1006233,9078,3777
f089v,89v (part),89,v,pharmaceutical,plant_root_vessel,True,https://collections.library.yale.edu/manifests/oid/2002046/canvas/1006234,https://collections.library.yale.edu/iiif/2/1006234,4204,3809
f089v,89v (part) and 90r,89,v,pharmaceutical,plant_root_vessel,True,https://collections.library.yale.edu/manifests/oid/2002046/canvas/1006235,https://collections.library.yale.edu/iiif/2/1006235,7796,3761
f090r,90r,90,r,pharmaceutical,plant_root_vessel,True,https://collections.library.yale.edu/manifests/oid/2002046/canvas/1006236,https://collections.library.yale.edu/iiif/2/1006236,2737,3752
f090v,90v (part),90,v,pharmaceutical,plant_root_vessel,True,https://collections.library.yale.edu/manifests/oid/2002046/canvas/1006237,https://collections.library.yale.edu/iiif/2/1006237,2838,3697
f093r,93r,93,r,pharmaceutical,plant_root_vessel,True,https://collections.library.yale.edu/manifests/oid/2002046/canvas/1006238,https://collections.library.yale.edu/iiif/2/1006238,2718,3758
f093v,93v,93,v,pharmaceutical,plant_root_vessel,True,https://collections.library.yale.edu/manifests/oid/2002046/canvas/1006239,https://collections.library.yale.edu/iiif/2/1006239,2838,3697
f094r,94r,94,r,pharmaceutical,plant_root_vessel,True,https://collections.library.yale.edu/manifests/oid/2002046/canvas/1006240,https://collections.library.yale.edu/iiif/2/1006240,2728,3754
f094v,94v and 95r,94,v,pharmaceutical,plant_root_vessel,True,https://collections.library.yale.edu/manifests/oid/2002046/canvas/1006241,https://collections.library.yale.edu/iiif/2/1006241,7642,3801
f095v,95v (part),95,v,pharmaceutical,plant_root_vessel,True,https://collections.library.yale.edu/manifests/oid/2002046/canvas/1006242,https://collections.library.yale.edu/iiif/2/1006242,2731,3750
f095v,95v,95,v,pharmaceutical,plant_root_vessel,True,https://collections.library.yale.edu/manifests/oid/2002046/canvas/1006243,https://collections.library.yale.edu/iiif/2/1006243,2838,3697
f096r,96r,96,r,pharmaceutical,plant_root_vessel,True,https://collections.library.yale.edu/manifests/oid/2002046/canvas/1006244,https://collections.library.yale.edu/iiif/2/1006244,2699,3745
f096v,96v,96,v,pharmaceutical,plant_root_vessel,True,https://collections.library.yale.edu/manifests/oid/2002046/canvas/1006245,https://collections.library.yale.edu/iiif/2/1006245,2858,3697
f099r,99r,99,r,pharmaceutical,plant_root_vessel,True,https://collections.library.yale.edu/manifests/oid/2002046/canvas/1006246,https://collections.library.yale.edu/iiif/2/1006246,2702,3765
f099v,99v,99,v,pharmaceutical,plant_root_vessel,True,https://collections.library.yale.edu/manifests/oid/2002046/canvas/1006247,https://collections.library.yale.edu/iiif/2/1006247,2802,3697
f100r,100r,100,r,pharmaceutical,plant_root_vessel,True,https://collections.library.yale.edu/manifests/oid/2002046/canvas/1006248,https://collections.library.yale.edu/iiif/2/1006248,2676,3756
f100v,100v and 101r,100,v,pharmaceutical,plant_root_vessel,True,https://collections.library.yale.edu/manifests/oid/2002046/canvas/1006249,https://collections.library.yale.edu/iiif/2/1006249,7486,3715
f101v,101v (part),101,v,pharmaceutical,plant_root_vessel,True,https://collections.library.yale.edu/manifests/oid/2002046/canvas/1006250,https://collections.library.yale.edu/iiif/2/1006250,2698,3779
f101v,101v (part) and 102r,101,v,pharmaceutical,plant_root_vessel,True,https://collections.library.yale.edu/manifests/oid/2002046/canvas/1006251,https://collections.library.yale.edu/iiif/2/1006251,8176,3864
f102v,102v (part),102,v,pharmaceutical,plant_root_vessel,True,https://collections.library.yale.edu/manifests/oid/2002046/canvas/1006252,https://collections.library.yale.edu/iiif/2/1006252,2981,3795
f102v,102v (part),102,v,pharmaceutical,plant_root_vessel,True,https://collections.library.yale.edu/manifests/oid/2002046/canvas/1006253,https://collections.library.yale.edu/iiif/2/1006253,2838,3697
f103r,103r,103,r,recipes,text_dense,False,https://collections.library.yale.edu/manifests/oid/2002046/canvas/1006254,https://collections.library.yale.edu/iiif/2/1006254,2688,3805
f103v,103v,103,v,recipes,text_dense,False,https://collections.library.yale.edu/manifests/oid/2002046/canvas/1006255,https://collections.library.yale.edu/iiif/2/1006255,2762,3697
f104r,104r,104,r,recipes,text_dense,False,https://collections.library.yale.edu/manifests/oid/2002046/canvas/1006256,https://collections.library.yale.edu/iiif/2/1006256,2677,3811
f104v,104v,104,v,recipes,text_dense,False,https://collections.library.yale.edu/manifests/oid/2002046/canvas/1006257,https://collections.library.yale.edu/iiif/2/1006257,2744,3704
f105r,105r,105,r,recipes,text_dense,False,https://collections.library.yale.edu/manifests/oid/2002046/canvas/1006258,https://collections.library.yale.edu/iiif/2/1006258,2662,3771
f105v,105v,105,v,recipes,text_dense,False,https://collections.library.yale.edu/manifests/oid/2002046/canvas/1006259,https://collections.library.yale.edu/iiif/2/1006259,2663,3701
f106r,106r,106,r,recipes,text_dense,False,https://collections.library.yale.edu/manifests/oid/2002046/canvas/1006260,https://collections.library.yale.edu/iiif/2/1006260,2635,3787
f106v,106v,106,v,recipes,text_dense,False,https://collections.library.yale.edu/manifests/oid/2002046/canvas/1006261,https://collections.library.yale.edu/iiif/2/1006261,2670,3697
f107r,107r,107,r,recipes,text_dense,False,https://collections.library.yale.edu/manifests/oid/2002046/canvas/1006262,https://collections.library.yale.edu/iiif/2/1006262,2641,3787
f107v,107v,107,v,recipes,text_dense,False,https://collections.library.yale.edu/manifests/oid/2002046/canvas/1006263,https://collections.library.yale.edu/iiif/2/1006263,2689,3697
f108r,108r,108,r,recipes,text_dense,False,https://collections.library.yale.edu/manifests/oid/2002046/canvas/1006264,https://collections.library.yale.edu/iiif/2/1006264,2641,3787
f108v,108v,108,v,recipes,text_dense,False,https://collections.library.yale.edu/manifests/oid/2002046/canvas/1006265,https://collections.library.yale.edu/iiif/2/1006265,2649,3706
f111r,111r,111,r,recipes,text_dense,False,https://collections.library.yale.edu/manifests/oid/2002046/canvas/1006266,https://collections.library.yale.edu/iiif/2/1006266,2622,3783
f111v,111v,111,v,recipes,text_dense,False,https://collections.library.yale.edu/manifests/oid/2002046/canvas/1006267,https://collections.library.yale.edu/iiif/2/1006267,2666,3697
f112r,112r,112,r,recipes,text_dense,False,https://collections.library.yale.edu/manifests/oid/2002046/canvas/1006268,https://collections.library.yale.edu/iiif/2/1006268,2602,3787
f112v,112v,112,v,recipes,text_dense,False,https://collections.library.yale.edu/manifests/oid/2002046/canvas/1006269,https://collections.library.yale.edu/iiif/2/1006269,2664,3697
f113r,113r,113,r,recipes,text_dense,False,https://collections.library.yale.edu/manifests/oid/2002046/canvas/1006270,https://collections.library.yale.edu/iiif/2/1006270,2582,3787
f113v,113v,113,v,recipes,text_dense,False,https://collections.library.yale.edu/manifests/oid/2002046/canvas/1006271,https://collections.library.yale.edu/iiif/2/1006271,2666,3697
f114r,114r,114,r,recipes,text_dense,False,https://collections.library.yale.edu/manifests/oid/2002046/canvas/1006272,https://collections.library.yale.edu/iiif/2/1006272,2599,3787
f114v,114v,114,v,recipes,text_dense,False,https://collections.library.yale.edu/manifests/oid/2002046/canvas/1006273,https://collections.library.yale.edu/iiif/2/1006273,2671,3697
f115r,115r,115,r,recipes,text_dense,False,https://collections.library.yale.edu/manifests/oid/2002046/canvas/1006274,https://collections.library.yale.edu/iiif/2/1006274,2584,3786
f115v,115v,115,v,recipes,text_dense,False,https://collections.library.yale.edu/manifests/oid/2002046/canvas/1006275,https://collections.library.yale.edu/iiif/2/1006275,2676,3697
f116r,116r,116,r,recipes,text_dense,False,https://collections.library.yale.edu/manifests/oid/2002046/canvas/1006276,https://collections.library.yale.edu/iiif/2/1006276,2559,3787
f116v,116v,116,v,recipes,text_dense,False,https://collections.library.yale.edu/manifests/oid/2002046/canvas/1006277,https://collections.library.yale.edu/iiif/2/1006277,2686,3697
_Back_flyleaf_recto_,[Back flyleaf recto],0,,unknown,unknown,True,https://collections.library.yale.edu/manifests/oid/2002046/canvas/1037113,https://collections.library.yale.edu/iiif/2/1037113,2570,3787
_Back_flyleaf_verso-inside_back_cover_,[Back flyleaf verso-inside back cover],0,,unknown,unknown,True,https://collections.library.yale.edu/manifests/oid/2002046/canvas/1006278,https://collections.library.yale.edu/iiif/2/1006278,5342,3822
_Head_,[Head],0,,unknown,unknown,True,https://collections.library.yale.edu/manifests/oid/2002046/canvas/11868207,https://collections.library.yale.edu/iiif/2/11868207,2829,1221
_Tail_,[Tail],0,,unknown,unknown,True,https://collections.library.yale.edu/manifests/oid/2002046/canvas/11868208,https://collections.library.yale.edu/iiif/2/11868208,2875,1237
_Fore-edge_,[Fore-edge],0,,unknown,unknown,True,https://collections.library.yale.edu/manifests/oid/2002046/canvas/11868209,https://collections.library.yale.edu/iiif/2/11868209,1255,3838
_Spine_,[Spine],0,,unknown,unknown,True,https://collections.library.yale.edu/manifests/oid/2002046/canvas/11868210,https://collections.library.yale.edu/iiif/2/11868210,1030,3833
_Back_cover_,[Back cover],0,,unknown,unknown,True,https://collections.library.yale.edu/manifests/oid/2002046/canvas/1006279,https://collections.library.yale.edu/iiif/2/1006279,2889,3861
